Brand,Model,Price (USD),Sales Quantity,Year,Ram,Battery,Camera
Oppo,iPhone 13,417.42,1388964,2024, 6GB, 4300mAh, 48MP
Sony,P40 Pro,455.51,532615,2024, 12GB, 4500mAh, 48MP
Samsung,Xperia 1 II,1021.77,1482162,2023, 8GB, 4000mAh, 64MP
Huawei,Galaxy S21,414.09,617451,2023, 6GB, 4300mAh, 48MP
Oppo,P40 Pro,603.1,229627,2022, 12GB, 5000mAh, 108MP
Apple,Mi 11,997.08,727324,2023, 6GB, 4300mAh, 48MP
Huawei,9 Pro,422.29,145358,2022, 12GB, 5000mAh, 108MP
Samsung,Velvet,487.93,1173062,2022, 8GB, 4000mAh, 64MP
Xiaomi,Find X3 Pro,489.59,1308857,2024, 6GB, 4300mAh, 48MP
OnePlus,Pixel 6,1046.58,1053286,2022, 12GB, 4500mAh, 48MP
Google,Galaxy S21,882.89,779120,2024, 8GB, 4000mAh, 64MP
Motorola,Edge+,454.42,1262019,2022, 8GB, 4600mAh, 50MP
Samsung,Xperia 1 II,466.24,1249101,2024, 8GB, 4600mAh, 50MP
Sony,Pixel 6,925.84,1186600,2022, 4GB, 3240mAh, 12MP
Oppo,9 Pro,925.63,483221,2022, 12GB, 4500mAh, 48MP
Samsung,Galaxy S21,638.81,1269674,2023, 8GB, 4600mAh, 50MP
Google,Galaxy S21,570.58,731314,2022, 8GB, 4000mAh, 64MP
Motorola,Xperia 1 II,451.36,1447053,2023, 12GB, 4500mAh, 48MP
Huawei,Galaxy S21,1068.27,955595,2023, 12GB, 5000mAh, 108MP
Huawei,Pixel 6,697.33,362803,2022, 6GB, 4300mAh, 48MP
Samsung,P40 Pro,885.73,311784,2022, 6GB, 4300mAh, 48MP
Oppo,P40 Pro,857.22,942192,2024, 8GB, 4000mAh, 64MP
Xiaomi,Find X3 Pro,1021.71,1416323,2022, 8GB, 4000mAh, 64MP
Motorola,Find X3 Pro,882.72,302597,2022, 8GB, 4600mAh, 50MP
Apple,Edge+,427.64,1242260,2023, 12GB, 5000mAh, 108MP
Samsung,9 Pro,856.55,1323492,2022, 6GB, 4300mAh, 48MP
Xiaomi,Xperia 1 II,883.39,1329509,2022, 6GB, 4300mAh, 48MP
OnePlus,Mi 11,589.58,1228447,2023, 4GB, 3240mAh, 12MP
Oppo,Mi 11,877.91,388635,2023, 12GB, 5000mAh, 108MP
Motorola,Velvet,612.97,1233442,2022, 6GB, 4300mAh, 48MP
Samsung,Find X3 Pro,1057.31,1261878,2023, 8GB, 4600mAh, 50MP
Samsung,P40 Pro,716.84,1046659,2024, 8GB, 4000mAh, 64MP
Apple,Galaxy S21,1188.62,506307,2022, 12GB, 4500mAh, 48MP
Motorola,Galaxy S21,950.93,866659,2023, 8GB, 4000mAh, 64MP
Apple,iPhone 13,400.26,369361,2022, 4GB, 3240mAh, 12MP
LG,Mi 11,1165.36,239776,2022, 12GB, 5000mAh, 108MP
Xiaomi,P40 Pro,602.45,751722,2023, 12GB, 5000mAh, 108MP
Huawei,Galaxy S21,1023.83,1321326,2022, 6GB, 4300mAh, 48MP
Motorola,Find X3 Pro,674.39,451043,2024, 4GB, 3240mAh, 12MP
Huawei,Xperia 1 II,644.75,1302588,2023, 8GB, 4600mAh, 50MP
LG,Mi 11,722.46,302786,2022, 12GB, 4500mAh, 48MP
Huawei,Edge+,929.73,1046848,2023, 8GB, 4600mAh, 50MP
Google,Find X3 Pro,579.99,1042253,2022, 6GB, 4300mAh, 48MP
Xiaomi,Find X3 Pro,752.24,214844,2024, 8GB, 4000mAh, 64MP
Oppo,Find X3 Pro,1093.22,610403,2023, 8GB, 4600mAh, 50MP
Oppo,iPhone 13,869.92,1455260,2024, 8GB, 4000mAh, 64MP
Oppo,Mi 11,629.45,957207,2024, 8GB, 4600mAh, 50MP
Xiaomi,iPhone 13,1031.87,1405417,2024, 8GB, 4600mAh, 50MP
Oppo,Mi 11,920.1,760689,2024, 4GB, 3240mAh, 12MP
LG,Galaxy S21,885.69,250231,2023, 8GB, 4600mAh, 50MP
Huawei,Galaxy S21,680.34,1293566,2024, 8GB, 4600mAh, 50MP
Xiaomi,Pixel 6,695.15,1290909,2023, 12GB, 4500mAh, 48MP
Samsung,9 Pro,630.94,503992,2023, 12GB, 5000mAh, 108MP
OnePlus,Find X3 Pro,626.52,237660,2022, 8GB, 4600mAh, 50MP
Huawei,Mi 11,887.35,118483,2023, 12GB, 4500mAh, 48MP
Sony,Velvet,448.85,1392751,2022, 8GB, 4000mAh, 64MP
OnePlus,Mi 11,781.45,1332532,2024, 12GB, 4500mAh, 48MP
Huawei,Galaxy S21,605.41,757689,2023, 12GB, 5000mAh, 108MP
Google,Galaxy S21,557.97,1055719,2023, 6GB, 4300mAh, 48MP
Google,iPhone 13,1105.66,1388671,2024, 8GB, 4000mAh, 64MP
Apple,P40 Pro,705.53,1430810,2024, 6GB, 4300mAh, 48MP
Motorola,Mi 11,949.46,677482,2022, 12GB, 4500mAh, 48MP
Huawei,Xperia 1 II,1093.08,283736,2024, 6GB, 4300mAh, 48MP
Samsung,Find X3 Pro,830.61,364805,2023, 12GB, 5000mAh, 108MP
Huawei,Velvet,610.74,467479,2023, 8GB, 4000mAh, 64MP
Google,Pixel 6,839.13,1050305,2023, 8GB, 4000mAh, 64MP
Xiaomi,Pixel 6,634.45,574641,2022, 12GB, 4500mAh, 48MP
Huawei,P40 Pro,874.66,1431958,2022, 6GB, 4300mAh, 48MP
Motorola,Mi 11,493.81,370279,2023, 8GB, 4600mAh, 50MP
Sony,P40 Pro,478.75,1489192,2024, 6GB, 4300mAh, 48MP
LG,Pixel 6,706.52,505212,2023, 6GB, 4300mAh, 48MP
Motorola,iPhone 13,521.94,710549,2024, 12GB, 4500mAh, 48MP
OnePlus,Mi 11,749.23,849131,2022, 12GB, 5000mAh, 108MP
Google,Pixel 6,738.01,1492936,2022, 12GB, 4500mAh, 48MP
LG,Galaxy S21,408,103452,2024, 12GB, 5000mAh, 108MP
Samsung,P40 Pro,1108.16,537279,2024, 6GB, 4300mAh, 48MP
LG,Edge+,612.43,382731,2024, 8GB, 4600mAh, 50MP
Motorola,9 Pro,438.34,1338793,2022, 12GB, 5000mAh, 108MP
LG,P40 Pro,1134.01,522112,2023, 12GB, 4500mAh, 48MP
OnePlus,Xperia 1 II,1145.89,951321,2022, 12GB, 4500mAh, 48MP
Oppo,Mi 11,816.95,406212,2024, 6GB, 4300mAh, 48MP
Samsung,Velvet,770.37,1279104,2022, 12GB, 4500mAh, 48MP
Apple,Mi 11,1160.7,913332,2024, 6GB, 4300mAh, 48MP
Xiaomi,Edge+,918.8,306041,2023, 4GB, 3240mAh, 12MP
Apple,9 Pro,458.59,1019352,2023, 4GB, 3240mAh, 12MP
LG,Galaxy S21,1040.76,902233,2023, 4GB, 3240mAh, 12MP
OnePlus,Xperia 1 II,596.98,1487507,2023, 6GB, 4300mAh, 48MP
Huawei,Mi 11,720.7,661492,2024, 12GB, 4500mAh, 48MP
Sony,Xperia 1 II,1196.6,941173,2023, 8GB, 4000mAh, 64MP
OnePlus,P40 Pro,974.12,1388392,2023, 4GB, 3240mAh, 12MP
Apple,Find X3 Pro,986.92,733093,2023, 6GB, 4300mAh, 48MP
Sony,Mi 11,511.18,1384360,2024, 8GB, 4600mAh, 50MP
LG,iPhone 13,438.21,877349,2024, 12GB, 4500mAh, 48MP
OnePlus,Pixel 6,1048.45,870005,2023, 12GB, 5000mAh, 108MP
LG,iPhone 13,721.01,836817,2024, 6GB, 4300mAh, 48MP
Huawei,9 Pro,701.29,514289,2023, 8GB, 4000mAh, 64MP
Samsung,Edge+,591.03,306807,2024, 12GB, 5000mAh, 108MP
Apple,Find X3 Pro,1026.25,109735,2024, 4GB, 3240mAh, 12MP
Google,Xperia 1 II,811.81,1097008,2023, 8GB, 4000mAh, 64MP
Sony,iPhone 13,1188.38,1253999,2023, 8GB, 4600mAh, 50MP
Motorola,Find X3 Pro,532.53,753059,2023, 12GB, 5000mAh, 108MP
Oppo,Mi 11,975.18,923539,2022, 6GB, 4300mAh, 48MP
Sony,Xperia 1 II,1049.73,1484138,2024, 6GB, 4300mAh, 48MP
Xiaomi,Mi 11,620.86,367889,2023, 6GB, 4300mAh, 48MP
Motorola,Velvet,450.36,415224,2023, 12GB, 5000mAh, 108MP
OnePlus,Galaxy S21,667.17,1096900,2024, 6GB, 4300mAh, 48MP
LG,Pixel 6,497.06,764949,2023, 8GB, 4600mAh, 50MP
LG,iPhone 13,443.33,569237,2024, 12GB, 5000mAh, 108MP
Xiaomi,P40 Pro,809.26,1156090,2023, 12GB, 4500mAh, 48MP
Sony,Velvet,1056.17,616916,2023, 6GB, 4300mAh, 48MP
LG,9 Pro,405.34,857998,2023, 8GB, 4000mAh, 64MP
Google,Galaxy S21,1114.29,1435546,2022, 8GB, 4000mAh, 64MP
Oppo,Galaxy S21,779.42,158983,2023, 8GB, 4600mAh, 50MP
Google,P40 Pro,607.12,1103867,2022, 6GB, 4300mAh, 48MP
OnePlus,P40 Pro,508.01,789770,2022, 8GB, 4000mAh, 64MP
Apple,iPhone 13,524.42,553119,2022, 8GB, 4600mAh, 50MP
Google,iPhone 13,843.46,679048,2022, 6GB, 4300mAh, 48MP
Apple,iPhone 13,752.35,974306,2024, 4GB, 3240mAh, 12MP
Xiaomi,Xperia 1 II,1149.38,1483057,2022, 12GB, 4500mAh, 48MP
Apple,Edge+,601.69,1283123,2023, 8GB, 4600mAh, 50MP
Motorola,Xperia 1 II,744.64,845422,2023, 8GB, 4000mAh, 64MP
Google,Xperia 1 II,674.51,1172534,2024, 8GB, 4000mAh, 64MP
LG,Mi 11,944.79,358749,2023, 4GB, 3240mAh, 12MP
OnePlus,Pixel 6,600.1,505514,2022, 6GB, 4300mAh, 48MP
Huawei,Galaxy S21,635.15,873011,2022, 4GB, 3240mAh, 12MP
Oppo,9 Pro,487.82,986759,2024, 6GB, 4300mAh, 48MP
Motorola,Edge+,650.48,226211,2023, 12GB, 5000mAh, 108MP
LG,9 Pro,963.44,1387843,2022, 4GB, 3240mAh, 12MP
LG,P40 Pro,536.93,1442874,2022, 8GB, 4000mAh, 64MP
LG,iPhone 13,1176.38,1127743,2022, 12GB, 4500mAh, 48MP
Google,iPhone 13,520.22,664388,2022, 12GB, 5000mAh, 108MP
Apple,Xperia 1 II,1078.68,962340,2023, 8GB, 4600mAh, 50MP
OnePlus,Edge+,815.13,1430289,2023, 8GB, 4600mAh, 50MP
Huawei,Xperia 1 II,1049.68,1492580,2022, 8GB, 4600mAh, 50MP
Motorola,9 Pro,819.65,894891,2023, 8GB, 4600mAh, 50MP
Samsung,P40 Pro,572.78,1458843,2024, 8GB, 4600mAh, 50MP
Huawei,9 Pro,1013.92,987961,2022, 8GB, 4000mAh, 64MP
Huawei,9 Pro,576.22,831809,2024, 12GB, 5000mAh, 108MP
LG,Edge+,916.79,1401588,2024, 8GB, 4600mAh, 50MP
Apple,iPhone 13,501.23,1315944,2023, 6GB, 4300mAh, 48MP
LG,Velvet,890.26,522506,2024, 12GB, 4500mAh, 48MP
Google,Xperia 1 II,1152.51,1433184,2022, 12GB, 5000mAh, 108MP
Huawei,P40 Pro,590.98,796166,2023, 12GB, 5000mAh, 108MP
Motorola,Xperia 1 II,988.29,361181,2024, 6GB, 4300mAh, 48MP
Huawei,Velvet,984.41,906700,2023, 12GB, 4500mAh, 48MP
Apple,Galaxy S21,1188.42,1233754,2024, 8GB, 4600mAh, 50MP
Oppo,Velvet,533.01,1082084,2024, 12GB, 5000mAh, 108MP
Sony,Find X3 Pro,408.97,770350,2022, 8GB, 4600mAh, 50MP
Sony,Xperia 1 II,723.09,1256416,2022, 12GB, 5000mAh, 108MP
Oppo,Xperia 1 II,468.64,1118835,2022, 4GB, 3240mAh, 12MP
Xiaomi,Pixel 6,1056.11,1331592,2022, 4GB, 3240mAh, 12MP
LG,Velvet,801.01,234720,2024, 6GB, 4300mAh, 48MP
LG,Pixel 6,1019.29,1117431,2024, 8GB, 4000mAh, 64MP
Apple,Xperia 1 II,1054.8,358780,2023, 12GB, 5000mAh, 108MP
Oppo,Mi 11,1150.17,305048,2024, 12GB, 5000mAh, 108MP
Samsung,Xperia 1 II,874.92,1242150,2022, 4GB, 3240mAh, 12MP
Apple,Galaxy S21,1154.1,827338,2024, 6GB, 4300mAh, 48MP
Xiaomi,Mi 11,487.41,675479,2023, 8GB, 4600mAh, 50MP
Sony,P40 Pro,743.8,740585,2024, 12GB, 4500mAh, 48MP
Samsung,Velvet,606.17,129348,2022, 12GB, 4500mAh, 48MP
LG,Pixel 6,561.68,105627,2022, 8GB, 4600mAh, 50MP
Apple,9 Pro,1012.65,770354,2023, 6GB, 4300mAh, 48MP
Samsung,Edge+,724.9,1064083,2023, 8GB, 4600mAh, 50MP
LG,Find X3 Pro,485.19,924936,2023, 12GB, 5000mAh, 108MP
Sony,Xperia 1 II,1168,1412639,2023, 4GB, 3240mAh, 12MP
Oppo,P40 Pro,463.94,662434,2023, 12GB, 4500mAh, 48MP
Oppo,P40 Pro,817.31,172222,2022, 12GB, 4500mAh, 48MP
Xiaomi,iPhone 13,485.38,1276240,2022, 6GB, 4300mAh, 48MP
OnePlus,9 Pro,611.75,1369908,2023, 12GB, 4500mAh, 48MP
Sony,Edge+,637.29,786512,2023, 8GB, 4600mAh, 50MP
Google,Find X3 Pro,675.07,327656,2023, 4GB, 3240mAh, 12MP
Samsung,Pixel 6,846.76,1251109,2023, 8GB, 4000mAh, 64MP
OnePlus,Find X3 Pro,1144.72,1377916,2024, 12GB, 5000mAh, 108MP
Apple,Velvet,579.06,1461992,2022, 8GB, 4600mAh, 50MP
LG,Edge+,1081.79,454069,2022, 4GB, 3240mAh, 12MP
Motorola,iPhone 13,948.7,366414,2022, 6GB, 4300mAh, 48MP
Apple,Xperia 1 II,428.08,897317,2022, 12GB, 5000mAh, 108MP
Samsung,iPhone 13,876.56,1390910,2024, 12GB, 5000mAh, 108MP
Apple,Mi 11,488.94,1007482,2022, 6GB, 4300mAh, 48MP
Sony,Find X3 Pro,898.46,331483,2023, 8GB, 4000mAh, 64MP
Google,Xperia 1 II,1149.54,195723,2023, 6GB, 4300mAh, 48MP
Google,Mi 11,1064.48,315845,2024, 8GB, 4000mAh, 64MP
Google,Mi 11,1139.78,1330020,2023, 8GB, 4600mAh, 50MP
Apple,P40 Pro,1163.06,348387,2023, 12GB, 4500mAh, 48MP
Samsung,Mi 11,668.85,356959,2022, 12GB, 4500mAh, 48MP
Xiaomi,9 Pro,781.33,1457035,2023, 6GB, 4300mAh, 48MP
Sony,Xperia 1 II,705.15,503125,2024, 8GB, 4600mAh, 50MP
LG,P40 Pro,888.11,846114,2023, 8GB, 4600mAh, 50MP
Sony,Xperia 1 II,620.17,761539,2022, 4GB, 3240mAh, 12MP
Xiaomi,P40 Pro,1180.53,1286348,2024, 12GB, 5000mAh, 108MP
Apple,Edge+,499.82,944714,2022, 12GB, 4500mAh, 48MP
LG,Mi 11,1000.45,1236162,2022, 12GB, 4500mAh, 48MP
Huawei,Edge+,944.24,867995,2023, 12GB, 4500mAh, 48MP
Motorola,Edge+,559.56,1036549,2024, 4GB, 3240mAh, 12MP
Xiaomi,Galaxy S21,932.78,621383,2023, 4GB, 3240mAh, 12MP
OnePlus,Galaxy S21,969.95,1276352,2022, 8GB, 4600mAh, 50MP
Apple,Mi 11,812.95,175218,2024, 8GB, 4000mAh, 64MP
Motorola,P40 Pro,1115.3,510802,2022, 6GB, 4300mAh, 48MP
Sony,P40 Pro,503.71,1152371,2024, 8GB, 4000mAh, 64MP
Huawei,9 Pro,756.67,1408877,2024, 12GB, 4500mAh, 48MP
Huawei,Xperia 1 II,1051.08,927999,2022, 6GB, 4300mAh, 48MP
Huawei,P40 Pro,793.13,239139,2022, 4GB, 3240mAh, 12MP
Sony,Galaxy S21,649.87,1043996,2023, 8GB, 4600mAh, 50MP
Huawei,Mi 11,980.98,1264135,2024, 6GB, 4300mAh, 48MP
OnePlus,Edge+,725.51,1476969,2022, 6GB, 4300mAh, 48MP
Google,Galaxy S21,618.29,1152052,2022, 8GB, 4000mAh, 64MP
Samsung,Mi 11,940.05,933693,2022, 12GB, 4500mAh, 48MP
OnePlus,Mi 11,669.45,1283245,2024, 4GB, 3240mAh, 12MP
OnePlus,P40 Pro,968.47,359538,2022, 8GB, 4000mAh, 64MP
Google,Velvet,460.37,529395,2022, 12GB, 5000mAh, 108MP
Oppo,Find X3 Pro,592.93,952337,2022, 8GB, 4600mAh, 50MP
LG,Velvet,994.72,536126,2023, 12GB, 4500mAh, 48MP
Motorola,Pixel 6,777.57,933915,2023, 6GB, 4300mAh, 48MP
LG,Edge+,1128.02,1317584,2023, 12GB, 4500mAh, 48MP
Xiaomi,Find X3 Pro,406.87,958420,2024, 12GB, 5000mAh, 108MP
Sony,P40 Pro,1000.9,1301612,2024, 12GB, 5000mAh, 108MP
Google,Find X3 Pro,450.95,344227,2024, 12GB, 5000mAh, 108MP
Sony,iPhone 13,997.34,1048504,2022, 12GB, 5000mAh, 108MP
Google,Xperia 1 II,530.43,452425,2024, 6GB, 4300mAh, 48MP
LG,9 Pro,624.61,800881,2022, 6GB, 4300mAh, 48MP
LG,Galaxy S21,1030.84,1394617,2023, 4GB, 3240mAh, 12MP
Xiaomi,Mi 11,986.47,1117474,2023, 6GB, 4300mAh, 48MP
Huawei,Velvet,564.88,836028,2022, 12GB, 4500mAh, 48MP
LG,Galaxy S21,1043.67,178119,2024, 12GB, 5000mAh, 108MP
Huawei,Mi 11,732.79,141097,2023, 8GB, 4000mAh, 64MP
Sony,iPhone 13,633.81,1008975,2024, 4GB, 3240mAh, 12MP
Google,Pixel 6,998.19,1100976,2024, 12GB, 5000mAh, 108MP
Motorola,Velvet,777.93,999646,2024, 12GB, 5000mAh, 108MP
OnePlus,iPhone 13,819.35,1029907,2023, 8GB, 4600mAh, 50MP
Apple,Edge+,780.38,155543,2024, 12GB, 4500mAh, 48MP
Motorola,Mi 11,1002.33,791655,2023, 8GB, 4600mAh, 50MP
Apple,Mi 11,933.17,666725,2024, 8GB, 4000mAh, 64MP
Oppo,Mi 11,1115.79,1144710,2024, 8GB, 4000mAh, 64MP
Oppo,Galaxy S21,663.37,1077293,2022, 8GB, 4000mAh, 64MP
LG,iPhone 13,1197.39,662353,2024, 12GB, 4500mAh, 48MP
Samsung,P40 Pro,810.81,180759,2022, 8GB, 4000mAh, 64MP
OnePlus,Edge+,664.62,450747,2023, 12GB, 5000mAh, 108MP
Xiaomi,Mi 11,409.83,196236,2023, 12GB, 5000mAh, 108MP
Oppo,Xperia 1 II,875.79,1493675,2024, 12GB, 4500mAh, 48MP
Sony,Pixel 6,679.64,557651,2023, 8GB, 4000mAh, 64MP
Sony,P40 Pro,1018.69,219373,2022, 4GB, 3240mAh, 12MP
Samsung,Galaxy S21,1040.62,156219,2023, 4GB, 3240mAh, 12MP
Xiaomi,Pixel 6,1139.47,181053,2023, 12GB, 4500mAh, 48MP
Motorola,iPhone 13,1197.03,132474,2023, 12GB, 5000mAh, 108MP
LG,Mi 11,959.71,392470,2024, 12GB, 5000mAh, 108MP
Huawei,Mi 11,970.42,843367,2022, 4GB, 3240mAh, 12MP
Xiaomi,Find X3 Pro,1057.56,473398,2023, 12GB, 4500mAh, 48MP
OnePlus,Galaxy S21,680.85,316803,2022, 8GB, 4600mAh, 50MP
LG,Edge+,790.21,1040512,2022, 8GB, 4600mAh, 50MP
Huawei,Mi 11,527.87,1110693,2024, 8GB, 4600mAh, 50MP
Sony,Velvet,750.61,481782,2024, 4GB, 3240mAh, 12MP
OnePlus,Xperia 1 II,436.58,627644,2022, 8GB, 4000mAh, 64MP
Apple,Mi 11,620.42,902076,2023, 4GB, 3240mAh, 12MP
Huawei,Xperia 1 II,796.42,691640,2023, 6GB, 4300mAh, 48MP
Google,Galaxy S21,679.07,698914,2022, 4GB, 3240mAh, 12MP
Huawei,Velvet,845.29,1443494,2024, 6GB, 4300mAh, 48MP
Apple,Pixel 6,614.25,212466,2024, 4GB, 3240mAh, 12MP
Xiaomi,9 Pro,912.34,578515,2024, 8GB, 4000mAh, 64MP
Google,Xperia 1 II,1085.46,320114,2024, 12GB, 4500mAh, 48MP
Sony,iPhone 13,938.12,1455596,2023, 12GB, 4500mAh, 48MP
Oppo,Find X3 Pro,1074.56,394021,2022, 12GB, 5000mAh, 108MP
LG,Xperia 1 II,599.67,888211,2024, 4GB, 3240mAh, 12MP
Oppo,Galaxy S21,749.84,915814,2023, 12GB, 5000mAh, 108MP
Samsung,Pixel 6,736.76,433163,2024, 12GB, 5000mAh, 108MP
Apple,iPhone 13,1111.79,796772,2024, 4GB, 3240mAh, 12MP
Oppo,iPhone 13,419.4,1338601,2023, 12GB, 5000mAh, 108MP
Xiaomi,Pixel 6,971.72,823854,2023, 4GB, 3240mAh, 12MP
Sony,Galaxy S21,626.02,489587,2023, 8GB, 4000mAh, 64MP
Sony,Find X3 Pro,568.46,1462334,2023, 8GB, 4000mAh, 64MP
Oppo,Mi 11,1198.41,833140,2024, 8GB, 4000mAh, 64MP
Huawei,P40 Pro,787.87,674171,2023, 4GB, 3240mAh, 12MP
Xiaomi,Mi 11,464.94,1013912,2023, 8GB, 4000mAh, 64MP
LG,Find X3 Pro,532.4,382003,2023, 8GB, 4000mAh, 64MP
LG,Galaxy S21,1047.06,436328,2022, 8GB, 4600mAh, 50MP
Xiaomi,Mi 11,616.58,1098767,2024, 8GB, 4600mAh, 50MP
Xiaomi,Pixel 6,631.31,1156901,2023, 12GB, 4500mAh, 48MP
Google,Xperia 1 II,427.22,1307350,2022, 8GB, 4000mAh, 64MP
Sony,Velvet,474.6,1261043,2024, 4GB, 3240mAh, 12MP
Samsung,Xperia 1 II,908.44,319835,2024, 4GB, 3240mAh, 12MP
Sony,iPhone 13,1195.89,1427570,2023, 8GB, 4600mAh, 50MP
Sony,Mi 11,753,1014854,2022, 4GB, 3240mAh, 12MP
Apple,Find X3 Pro,687.55,1132759,2024, 8GB, 4000mAh, 64MP
OnePlus,Galaxy S21,735.17,995421,2024, 8GB, 4000mAh, 64MP
Apple,Galaxy S21,1067.64,732168,2022, 12GB, 5000mAh, 108MP
Xiaomi,iPhone 13,660.48,946326,2022, 8GB, 4000mAh, 64MP
Xiaomi,Galaxy S21,835.99,831932,2022, 8GB, 4000mAh, 64MP
Oppo,Galaxy S21,1040.56,172467,2023, 12GB, 5000mAh, 108MP
Samsung,Galaxy S21,656.27,160797,2024, 6GB, 4300mAh, 48MP
Google,Xperia 1 II,844.63,826417,2022, 8GB, 4000mAh, 64MP
Xiaomi,9 Pro,903.38,633868,2022, 12GB, 5000mAh, 108MP
Xiaomi,Galaxy S21,1119.89,1100953,2023, 12GB, 5000mAh, 108MP
Oppo,Velvet,1129.54,150651,2022, 8GB, 4600mAh, 50MP
Apple,Galaxy S21,828.11,773000,2024, 12GB, 5000mAh, 108MP
OnePlus,Edge+,938.73,389663,2022, 12GB, 5000mAh, 108MP
Samsung,Galaxy S21,843.64,847967,2022, 12GB, 5000mAh, 108MP
Motorola,P40 Pro,555.55,186303,2023, 8GB, 4000mAh, 64MP
Samsung,Galaxy S21,994.5,763560,2022, 6GB, 4300mAh, 48MP
Oppo,Mi 11,981.42,699648,2023, 6GB, 4300mAh, 48MP
Sony,Galaxy S21,921.43,1312202,2023, 12GB, 5000mAh, 108MP
LG,Mi 11,1094.88,531789,2024, 6GB, 4300mAh, 48MP
OnePlus,P40 Pro,723.53,901800,2024, 4GB, 3240mAh, 12MP
Samsung,Mi 11,648.72,584058,2024, 12GB, 5000mAh, 108MP
Apple,Velvet,681.16,139980,2023, 8GB, 4000mAh, 64MP
OnePlus,Edge+,742.79,967423,2022, 12GB, 4500mAh, 48MP
OnePlus,P40 Pro,489.98,966909,2023, 8GB, 4600mAh, 50MP
Apple,9 Pro,484.42,663401,2023, 12GB, 5000mAh, 108MP
Apple,iPhone 13,1029.54,1304529,2024, 8GB, 4000mAh, 64MP
Motorola,Pixel 6,760.63,168082,2023, 4GB, 3240mAh, 12MP
Apple,Mi 11,999.99,485685,2023, 6GB, 4300mAh, 48MP
Apple,Edge+,416.54,913637,2023, 12GB, 4500mAh, 48MP
OnePlus,Velvet,982.76,1294423,2024, 4GB, 3240mAh, 12MP
OnePlus,Pixel 6,1129.84,1379989,2022, 6GB, 4300mAh, 48MP
Google,P40 Pro,468.53,950801,2023, 8GB, 4000mAh, 64MP
Motorola,Xperia 1 II,480.96,887218,2022, 12GB, 4500mAh, 48MP
LG,Xperia 1 II,611.27,350464,2023, 8GB, 4600mAh, 50MP
OnePlus,iPhone 13,1080.68,1279900,2024, 6GB, 4300mAh, 48MP
Google,Mi 11,954.02,1001181,2022, 12GB, 5000mAh, 108MP
Apple,Pixel 6,993.28,839680,2022, 4GB, 3240mAh, 12MP
Oppo,9 Pro,845.57,280335,2022, 4GB, 3240mAh, 12MP
Motorola,Edge+,767.02,1318397,2022, 8GB, 4000mAh, 64MP
OnePlus,Xperia 1 II,462.82,1413385,2023, 12GB, 5000mAh, 108MP
Motorola,Mi 11,501.34,1136663,2023, 4GB, 3240mAh, 12MP
Samsung,Xperia 1 II,740.86,691410,2022, 4GB, 3240mAh, 12MP
LG,P40 Pro,1169.66,436235,2022, 8GB, 4000mAh, 64MP
Motorola,Galaxy S21,782.23,417876,2023, 8GB, 4000mAh, 64MP
Motorola,Velvet,787.51,528705,2022, 12GB, 4500mAh, 48MP
Samsung,iPhone 13,899.09,1261252,2024, 8GB, 4600mAh, 50MP
OnePlus,Galaxy S21,994.56,677893,2024, 12GB, 4500mAh, 48MP
LG,Mi 11,1081.92,954822,2023, 8GB, 4000mAh, 64MP
Google,Xperia 1 II,997.69,230496,2022, 6GB, 4300mAh, 48MP
Motorola,Velvet,897.32,726885,2023, 8GB, 4000mAh, 64MP
Samsung,Pixel 6,1003.17,891270,2022, 12GB, 5000mAh, 108MP
Xiaomi,iPhone 13,1024.68,348157,2024, 8GB, 4600mAh, 50MP
LG,P40 Pro,533.17,980738,2024, 6GB, 4300mAh, 48MP
Apple,9 Pro,882.12,1257713,2024, 4GB, 3240mAh, 12MP
Google,Pixel 6,1147.11,643180,2023, 8GB, 4000mAh, 64MP
Sony,iPhone 13,770.39,1217286,2022, 12GB, 5000mAh, 108MP
Motorola,Galaxy S21,437.43,1021422,2023, 8GB, 4000mAh, 64MP
Motorola,Find X3 Pro,1173.4,931090,2024, 8GB, 4600mAh, 50MP
LG,Edge+,459.68,527640,2024, 8GB, 4000mAh, 64MP
Apple,Xperia 1 II,1100.05,916267,2023, 8GB, 4000mAh, 64MP
OnePlus,9 Pro,911.81,558031,2022, 4GB, 3240mAh, 12MP
Apple,Find X3 Pro,702.9,1334193,2023, 4GB, 3240mAh, 12MP
Motorola,Edge+,490.21,336364,2024, 6GB, 4300mAh, 48MP
Motorola,Pixel 6,1179.88,1234453,2023, 8GB, 4600mAh, 50MP
Google,P40 Pro,838.48,619969,2024, 6GB, 4300mAh, 48MP
LG,Edge+,635.64,1202064,2024, 6GB, 4300mAh, 48MP
Motorola,P40 Pro,856.03,885995,2022, 12GB, 4500mAh, 48MP
OnePlus,Find X3 Pro,592.04,841696,2023, 8GB, 4000mAh, 64MP
OnePlus,Xperia 1 II,511.43,263037,2023, 8GB, 4600mAh, 50MP
Huawei,Pixel 6,930,985934,2024, 6GB, 4300mAh, 48MP
Motorola,Velvet,1074.68,336132,2024, 6GB, 4300mAh, 48MP
Huawei,9 Pro,853.66,1024518,2022, 12GB, 4500mAh, 48MP
Apple,P40 Pro,1169.96,395198,2022, 12GB, 4500mAh, 48MP
Apple,P40 Pro,461.13,606045,2024, 12GB, 4500mAh, 48MP
Xiaomi,Mi 11,499.81,253753,2023, 8GB, 4000mAh, 64MP
Xiaomi,P40 Pro,673.41,1111522,2022, 6GB, 4300mAh, 48MP
OnePlus,Xperia 1 II,605.16,1407905,2023, 8GB, 4600mAh, 50MP
Oppo,Pixel 6,771.41,316804,2023, 12GB, 5000mAh, 108MP
OnePlus,Velvet,669.01,413030,2024, 12GB, 4500mAh, 48MP
Xiaomi,Edge+,545.31,1246718,2023, 8GB, 4000mAh, 64MP
Motorola,Velvet,836.1,1373250,2023, 4GB, 3240mAh, 12MP
Sony,P40 Pro,492.38,1409651,2024, 4GB, 3240mAh, 12MP
OnePlus,Mi 11,909.27,1104365,2024, 8GB, 4600mAh, 50MP
Huawei,Find X3 Pro,774.21,1009816,2023, 12GB, 4500mAh, 48MP
Google,Velvet,1026.31,1279506,2022, 8GB, 4600mAh, 50MP
Google,Mi 11,856.23,113649,2022, 8GB, 4000mAh, 64MP
Huawei,Xperia 1 II,925.13,733555,2022, 12GB, 4500mAh, 48MP
Oppo,Pixel 6,1100.62,178663,2024, 4GB, 3240mAh, 12MP
Xiaomi,P40 Pro,788.6,1144606,2024, 8GB, 4600mAh, 50MP
Samsung,Find X3 Pro,709.15,1448382,2023, 8GB, 4600mAh, 50MP
OnePlus,Find X3 Pro,921.74,771338,2024, 6GB, 4300mAh, 48MP
Oppo,Pixel 6,515.13,572260,2022, 4GB, 3240mAh, 12MP
Sony,Pixel 6,1145.68,743666,2022, 8GB, 4600mAh, 50MP
LG,Velvet,444.05,697839,2023, 12GB, 5000mAh, 108MP
OnePlus,Pixel 6,658.54,602136,2022, 8GB, 4000mAh, 64MP
Apple,Xperia 1 II,1112.25,347806,2024, 4GB, 3240mAh, 12MP
OnePlus,9 Pro,572.35,911204,2022, 8GB, 4600mAh, 50MP
OnePlus,P40 Pro,901.46,758508,2024, 8GB, 4600mAh, 50MP
Apple,Galaxy S21,487.16,880927,2024, 12GB, 4500mAh, 48MP
Apple,Mi 11,747.28,260342,2024, 12GB, 4500mAh, 48MP
Huawei,Edge+,733.41,845524,2022, 4GB, 3240mAh, 12MP
OnePlus,iPhone 13,1062.89,1057051,2022, 12GB, 4500mAh, 48MP
Samsung,Xperia 1 II,993.08,1441775,2022, 12GB, 4500mAh, 48MP
Apple,9 Pro,1099.3,255095,2023, 8GB, 4600mAh, 50MP
Samsung,Galaxy S21,495.54,164131,2022, 4GB, 3240mAh, 12MP
Huawei,Velvet,1078.37,379488,2022, 8GB, 4600mAh, 50MP
Google,9 Pro,943.25,900516,2024, 6GB, 4300mAh, 48MP
Motorola,Edge+,1186.43,928434,2024, 8GB, 4000mAh, 64MP
Apple,Xperia 1 II,994.33,277410,2024, 12GB, 4500mAh, 48MP
Motorola,9 Pro,547.52,772480,2024, 4GB, 3240mAh, 12MP
LG,Velvet,1128.92,1348883,2022, 12GB, 5000mAh, 108MP
Huawei,Edge+,608.12,1232295,2023, 12GB, 5000mAh, 108MP
Motorola,Xperia 1 II,584.6,302502,2023, 4GB, 3240mAh, 12MP
Apple,Mi 11,1193.03,164025,2023, 6GB, 4300mAh, 48MP
OnePlus,iPhone 13,478.41,415239,2023, 8GB, 4000mAh, 64MP
Motorola,Velvet,473,432935,2022, 12GB, 5000mAh, 108MP
Huawei,Galaxy S21,1063.65,1006736,2022, 12GB, 5000mAh, 108MP
Xiaomi,Edge+,594.99,970232,2024, 8GB, 4000mAh, 64MP
Huawei,Galaxy S21,400.42,1052703,2023, 8GB, 4000mAh, 64MP
LG,Edge+,1065.6,316612,2023, 4GB, 3240mAh, 12MP
LG,Galaxy S21,869.74,819872,2022, 12GB, 4500mAh, 48MP
OnePlus,Pixel 6,493.06,734798,2023, 8GB, 4600mAh, 50MP
Huawei,Galaxy S21,584.77,792844,2023, 12GB, 4500mAh, 48MP
Huawei,Xperia 1 II,1179.62,164162,2024, 4GB, 3240mAh, 12MP
Google,iPhone 13,886.19,1201414,2024, 12GB, 4500mAh, 48MP
Sony,iPhone 13,550.44,884363,2024, 6GB, 4300mAh, 48MP
LG,P40 Pro,1190.75,788670,2022, 4GB, 3240mAh, 12MP
Oppo,P40 Pro,842.41,421709,2022, 8GB, 4000mAh, 64MP
LG,iPhone 13,484.25,298133,2024, 12GB, 5000mAh, 108MP
LG,9 Pro,1076.21,213963,2022, 12GB, 4500mAh, 48MP
Google,Find X3 Pro,749.4,1242762,2024, 12GB, 4500mAh, 48MP
OnePlus,P40 Pro,1010.08,920109,2022, 8GB, 4000mAh, 64MP
OnePlus,9 Pro,936.18,1452320,2024, 12GB, 5000mAh, 108MP
Motorola,Xperia 1 II,987.92,1485746,2023, 6GB, 4300mAh, 48MP
Huawei,Xperia 1 II,1047.53,128333,2023, 8GB, 4000mAh, 64MP
OnePlus,9 Pro,456.28,910275,2023, 12GB, 5000mAh, 108MP
LG,Pixel 6,1160.38,118660,2023, 6GB, 4300mAh, 48MP
Samsung,P40 Pro,1035.22,1119543,2024, 12GB, 5000mAh, 108MP
Samsung,Mi 11,1016.73,1458308,2023, 4GB, 3240mAh, 12MP
Samsung,9 Pro,498.15,213544,2023, 12GB, 5000mAh, 108MP
Motorola,Pixel 6,874.27,1350025,2022, 4GB, 3240mAh, 12MP
Oppo,Edge+,875.79,243313,2024, 8GB, 4000mAh, 64MP
Sony,Edge+,716.07,1081003,2023, 6GB, 4300mAh, 48MP
Samsung,Edge+,949.74,532703,2022, 6GB, 4300mAh, 48MP
Motorola,Velvet,479.89,802047,2022, 12GB, 5000mAh, 108MP
Samsung,P40 Pro,1124.24,204409,2022, 8GB, 4000mAh, 64MP
Samsung,Pixel 6,694.44,1142639,2023, 4GB, 3240mAh, 12MP
Apple,Pixel 6,1133.74,1460271,2024, 12GB, 4500mAh, 48MP
LG,Mi 11,564.75,1273913,2024, 12GB, 5000mAh, 108MP
Apple,Mi 11,978.38,905156,2023, 8GB, 4600mAh, 50MP
Xiaomi,iPhone 13,827,1495210,2024, 4GB, 3240mAh, 12MP
OnePlus,Mi 11,869.87,220166,2022, 8GB, 4600mAh, 50MP
Oppo,Xperia 1 II,1072.63,1315638,2024, 6GB, 4300mAh, 48MP
Xiaomi,Velvet,712.96,188536,2024, 8GB, 4600mAh, 50MP
LG,Edge+,897.65,1497567,2023, 8GB, 4600mAh, 50MP
LG,Pixel 6,538.4,1333334,2022, 8GB, 4000mAh, 64MP
Oppo,Find X3 Pro,647.1,1253086,2023, 12GB, 5000mAh, 108MP
Sony,Edge+,594.26,237170,2022, 12GB, 4500mAh, 48MP
OnePlus,Mi 11,1139.9,432145,2022, 8GB, 4600mAh, 50MP
Xiaomi,Galaxy S21,612.35,276419,2023, 12GB, 4500mAh, 48MP
Sony,Galaxy S21,1177.9,893138,2022, 6GB, 4300mAh, 48MP
Huawei,Find X3 Pro,984.33,1427153,2024, 12GB, 4500mAh, 48MP
Oppo,9 Pro,600.34,1423261,2022, 12GB, 5000mAh, 108MP
Xiaomi,Pixel 6,972.88,121314,2022, 12GB, 5000mAh, 108MP
Google,9 Pro,674.59,469297,2022, 12GB, 4500mAh, 48MP
Oppo,Galaxy S21,677.67,987582,2023, 4GB, 3240mAh, 12MP
OnePlus,P40 Pro,978.01,351714,2024, 8GB, 4000mAh, 64MP
Oppo,Xperia 1 II,581.7,828133,2023, 8GB, 4000mAh, 64MP
OnePlus,Velvet,849.35,1212586,2023, 12GB, 5000mAh, 108MP
OnePlus,Find X3 Pro,1135.81,1141718,2023, 12GB, 5000mAh, 108MP
Samsung,Xperia 1 II,777.08,576914,2024, 8GB, 4000mAh, 64MP
Xiaomi,iPhone 13,591.59,376717,2023, 6GB, 4300mAh, 48MP
Oppo,9 Pro,933.11,888448,2023, 6GB, 4300mAh, 48MP
Motorola,Pixel 6,706.95,837595,2024, 8GB, 4600mAh, 50MP
Google,Xperia 1 II,787.31,513897,2024, 12GB, 5000mAh, 108MP
Oppo,iPhone 13,756.59,582705,2024, 6GB, 4300mAh, 48MP
Sony,9 Pro,898.88,208577,2022, 12GB, 5000mAh, 108MP
Huawei,iPhone 13,443.49,972907,2022, 12GB, 5000mAh, 108MP
LG,Velvet,1184.84,735693,2024, 12GB, 4500mAh, 48MP
Google,Edge+,1172.88,986305,2023, 6GB, 4300mAh, 48MP
Samsung,Mi 11,973.49,1357302,2024, 8GB, 4000mAh, 64MP
Samsung,9 Pro,1134.98,782488,2023, 12GB, 4500mAh, 48MP
LG,Pixel 6,911.78,499839,2023, 12GB, 5000mAh, 108MP
OnePlus,Velvet,729.51,928458,2023, 4GB, 3240mAh, 12MP
Google,Galaxy S21,963.55,234523,2023, 6GB, 4300mAh, 48MP
OnePlus,Pixel 6,684.09,136453,2023, 4GB, 3240mAh, 12MP
OnePlus,9 Pro,1026.34,1152091,2023, 6GB, 4300mAh, 48MP
Motorola,Edge+,820.91,952262,2023, 12GB, 5000mAh, 108MP
OnePlus,P40 Pro,779.2,718978,2024, 8GB, 4000mAh, 64MP
Huawei,Xperia 1 II,1161.37,465080,2024, 8GB, 4600mAh, 50MP
OnePlus,Galaxy S21,439.05,1139858,2023, 4GB, 3240mAh, 12MP
Google,Velvet,495.11,876600,2022, 12GB, 4500mAh, 48MP
Sony,Velvet,424.27,658050,2022, 8GB, 4000mAh, 64MP
Oppo,9 Pro,427.24,859664,2024, 12GB, 5000mAh, 108MP
Apple,Mi 11,790.16,851116,2022, 8GB, 4600mAh, 50MP
LG,iPhone 13,536.01,1161747,2024, 8GB, 4600mAh, 50MP
LG,9 Pro,1112.7,708462,2024, 4GB, 3240mAh, 12MP
Oppo,Pixel 6,709.89,722139,2024, 12GB, 4500mAh, 48MP
Xiaomi,Edge+,999.07,1039881,2023, 4GB, 3240mAh, 12MP
OnePlus,Edge+,868.6,519298,2023, 12GB, 4500mAh, 48MP
Google,Mi 11,1072.82,858488,2023, 6GB, 4300mAh, 48MP
Google,P40 Pro,964.91,826039,2024, 4GB, 3240mAh, 12MP
Apple,Pixel 6,952.52,929329,2024, 8GB, 4000mAh, 64MP
Samsung,P40 Pro,725.2,1257119,2023, 12GB, 5000mAh, 108MP
LG,Velvet,633.35,871115,2024, 12GB, 5000mAh, 108MP
Sony,Edge+,442.75,1063656,2023, 12GB, 4500mAh, 48MP
OnePlus,Find X3 Pro,523.82,1251253,2022, 12GB, 4500mAh, 48MP
OnePlus,Velvet,446.48,1155570,2023, 6GB, 4300mAh, 48MP
Motorola,P40 Pro,1135.32,1227150,2023, 6GB, 4300mAh, 48MP
Oppo,Mi 11,556.49,663389,2022, 6GB, 4300mAh, 48MP
LG,Find X3 Pro,920.49,451333,2023, 8GB, 4000mAh, 64MP
Huawei,iPhone 13,736.38,605978,2023, 4GB, 3240mAh, 12MP
Xiaomi,Xperia 1 II,820.59,244323,2023, 8GB, 4000mAh, 64MP
Motorola,Edge+,625.66,612008,2024, 12GB, 5000mAh, 108MP
Xiaomi,Edge+,604.85,480880,2022, 12GB, 4500mAh, 48MP
Sony,Velvet,407.49,523291,2024, 4GB, 3240mAh, 12MP
Huawei,Mi 11,1197.42,1263382,2022, 6GB, 4300mAh, 48MP
Google,iPhone 13,1071.34,399594,2024, 8GB, 4600mAh, 50MP
OnePlus,iPhone 13,816.89,674461,2024, 8GB, 4000mAh, 64MP
Apple,Edge+,1018.42,401078,2022, 12GB, 5000mAh, 108MP
Sony,Edge+,770.81,376217,2022, 4GB, 3240mAh, 12MP
Samsung,Pixel 6,1170.91,1260290,2022, 12GB, 4500mAh, 48MP
OnePlus,P40 Pro,502.3,806237,2024, 6GB, 4300mAh, 48MP
Xiaomi,iPhone 13,517.53,1010383,2022, 12GB, 4500mAh, 48MP
Samsung,Find X3 Pro,898.11,943319,2024, 8GB, 4000mAh, 64MP
Google,Mi 11,1075.99,1332172,2024, 12GB, 5000mAh, 108MP
Sony,Galaxy S21,818.89,562618,2022, 8GB, 4600mAh, 50MP
Apple,Mi 11,671.39,1383247,2022, 4GB, 3240mAh, 12MP
Apple,Edge+,1172.79,1184709,2024, 4GB, 3240mAh, 12MP
Huawei,iPhone 13,580.08,693808,2023, 12GB, 5000mAh, 108MP
Samsung,Edge+,647.7,392704,2024, 8GB, 4600mAh, 50MP
Xiaomi,iPhone 13,937.03,274669,2023, 6GB, 4300mAh, 48MP
Samsung,iPhone 13,771.35,1165560,2022, 12GB, 4500mAh, 48MP
Motorola,Pixel 6,994.78,865239,2022, 8GB, 4600mAh, 50MP
Xiaomi,Mi 11,648.1,463147,2022, 12GB, 4500mAh, 48MP
Apple,Pixel 6,1056.49,324318,2024, 8GB, 4000mAh, 64MP
LG,9 Pro,1031.65,1378814,2023, 8GB, 4600mAh, 50MP
LG,Mi 11,534.03,1002709,2022, 12GB, 5000mAh, 108MP
Apple,iPhone 13,1185.43,681650,2022, 12GB, 4500mAh, 48MP
Xiaomi,Find X3 Pro,733.73,323183,2023, 8GB, 4600mAh, 50MP
LG,iPhone 13,614.2,1184289,2024, 8GB, 4600mAh, 50MP
Xiaomi,Xperia 1 II,1166.78,573899,2024, 8GB, 4000mAh, 64MP
Xiaomi,9 Pro,699.07,1383166,2022, 8GB, 4600mAh, 50MP
Samsung,Velvet,680.06,446375,2022, 8GB, 4600mAh, 50MP
OnePlus,Galaxy S21,1190.29,294051,2024, 12GB, 5000mAh, 108MP
OnePlus,Pixel 6,1155.57,490567,2022, 12GB, 4500mAh, 48MP
Oppo,Xperia 1 II,987.65,885573,2024, 6GB, 4300mAh, 48MP
Motorola,Xperia 1 II,408.84,1165905,2024, 6GB, 4300mAh, 48MP
OnePlus,Velvet,744.26,803245,2024, 12GB, 5000mAh, 108MP
OnePlus,Galaxy S21,765.14,1484607,2022, 4GB, 3240mAh, 12MP
Huawei,Mi 11,1051.51,454790,2024, 6GB, 4300mAh, 48MP
Xiaomi,Galaxy S21,684.38,487887,2022, 12GB, 4500mAh, 48MP
Xiaomi,Xperia 1 II,1077.76,496158,2022, 12GB, 5000mAh, 108MP
LG,iPhone 13,710.48,1147601,2022, 12GB, 5000mAh, 108MP
Xiaomi,9 Pro,496.34,1286278,2023, 8GB, 4600mAh, 50MP
Google,Pixel 6,981.71,1138252,2023, 6GB, 4300mAh, 48MP
Motorola,Mi 11,451.22,952724,2023, 6GB, 4300mAh, 48MP
LG,9 Pro,970.03,1133108,2023, 4GB, 3240mAh, 12MP
LG,9 Pro,1100.38,1003297,2022, 8GB, 4600mAh, 50MP
Apple,Velvet,1067.97,791003,2024, 12GB, 4500mAh, 48MP
Huawei,Mi 11,671.73,1409277,2023, 8GB, 4000mAh, 64MP
Oppo,P40 Pro,985.83,244135,2024, 4GB, 3240mAh, 12MP
Apple,P40 Pro,700.91,840182,2023, 4GB, 3240mAh, 12MP
LG,Pixel 6,906.32,236349,2023, 6GB, 4300mAh, 48MP
Motorola,Xperia 1 II,1007.99,638203,2024, 12GB, 4500mAh, 48MP
Sony,iPhone 13,463.94,602835,2022, 4GB, 3240mAh, 12MP
Oppo,Pixel 6,1160.81,506612,2023, 12GB, 4500mAh, 48MP
Samsung,Velvet,708.31,1077695,2024, 8GB, 4600mAh, 50MP
Google,iPhone 13,841.83,1385874,2023, 6GB, 4300mAh, 48MP
OnePlus,Velvet,738.93,915056,2023, 8GB, 4000mAh, 64MP
Xiaomi,Xperia 1 II,655.01,697034,2024, 8GB, 4000mAh, 64MP
Samsung,Edge+,829.11,682316,2022, 4GB, 3240mAh, 12MP
Sony,Edge+,1074.53,1040360,2024, 4GB, 3240mAh, 12MP
Huawei,Find X3 Pro,796.72,762585,2024, 12GB, 5000mAh, 108MP
Apple,Find X3 Pro,992.51,693644,2022, 4GB, 3240mAh, 12MP
Sony,Velvet,1170.12,783721,2024, 12GB, 5000mAh, 108MP
Xiaomi,Edge+,881.28,338917,2023, 6GB, 4300mAh, 48MP
Apple,Pixel 6,695.59,408814,2024, 12GB, 5000mAh, 108MP
Oppo,iPhone 13,403.97,436822,2024, 8GB, 4600mAh, 50MP
Huawei,Pixel 6,1172.9,939617,2023, 4GB, 3240mAh, 12MP
Google,iPhone 13,804.58,1021114,2023, 12GB, 4500mAh, 48MP
Huawei,Pixel 6,815.17,1100538,2022, 8GB, 4600mAh, 50MP
Sony,Mi 11,1094.25,203039,2023, 8GB, 4000mAh, 64MP
LG,Velvet,675.08,1033797,2024, 4GB, 3240mAh, 12MP
Apple,P40 Pro,776.65,1107452,2022, 12GB, 5000mAh, 108MP
Apple,P40 Pro,1159.17,656090,2023, 4GB, 3240mAh, 12MP
Motorola,Xperia 1 II,555.35,254858,2023, 12GB, 4500mAh, 48MP
Xiaomi,iPhone 13,845.33,995618,2023, 8GB, 4000mAh, 64MP
Sony,Velvet,1140.55,1207619,2022, 8GB, 4600mAh, 50MP
LG,Mi 11,668.52,922754,2022, 12GB, 4500mAh, 48MP
Samsung,iPhone 13,612.93,1221486,2024, 4GB, 3240mAh, 12MP
Huawei,Xperia 1 II,1031.44,521926,2024, 6GB, 4300mAh, 48MP
Oppo,Pixel 6,646.76,201190,2023, 12GB, 5000mAh, 108MP
Google,Find X3 Pro,874.93,554697,2023, 8GB, 4600mAh, 50MP
Oppo,iPhone 13,1098.5,1243381,2022, 12GB, 5000mAh, 108MP
Samsung,Edge+,852.46,222800,2022, 4GB, 3240mAh, 12MP
Sony,Xperia 1 II,941.33,1394001,2022, 8GB, 4600mAh, 50MP
Motorola,Velvet,617.49,1390660,2024, 8GB, 4000mAh, 64MP
LG,Galaxy S21,497.2,468382,2023, 8GB, 4600mAh, 50MP
Oppo,Pixel 6,1049.85,156709,2022, 6GB, 4300mAh, 48MP
Oppo,9 Pro,1054.63,759740,2022, 12GB, 4500mAh, 48MP
LG,Find X3 Pro,579.83,783434,2023, 12GB, 5000mAh, 108MP
Oppo,P40 Pro,1005.3,628372,2023, 8GB, 4000mAh, 64MP
LG,Mi 11,937.58,400753,2024, 4GB, 3240mAh, 12MP
LG,iPhone 13,1170.5,404395,2022, 8GB, 4600mAh, 50MP
OnePlus,P40 Pro,880.25,1434918,2023, 6GB, 4300mAh, 48MP
Samsung,Galaxy S21,1132.46,333308,2022, 4GB, 3240mAh, 12MP
Huawei,Xperia 1 II,883.63,117893,2024, 12GB, 4500mAh, 48MP
Samsung,Galaxy S21,788.69,904346,2022, 6GB, 4300mAh, 48MP
OnePlus,P40 Pro,431.46,163322,2023, 6GB, 4300mAh, 48MP
Samsung,9 Pro,1162.62,374980,2022, 8GB, 4000mAh, 64MP
Motorola,Velvet,446.13,222952,2024, 6GB, 4300mAh, 48MP
Xiaomi,Find X3 Pro,648.19,559688,2024, 8GB, 4000mAh, 64MP
LG,9 Pro,422.04,1224911,2024, 6GB, 4300mAh, 48MP
Motorola,iPhone 13,774.14,352915,2023, 6GB, 4300mAh, 48MP
Huawei,Galaxy S21,846.79,532787,2022, 6GB, 4300mAh, 48MP
LG,9 Pro,445.11,910726,2022, 8GB, 4000mAh, 64MP
Apple,Xperia 1 II,857.54,1377092,2023, 8GB, 4600mAh, 50MP
LG,P40 Pro,1019.39,430881,2022, 12GB, 4500mAh, 48MP
Motorola,P40 Pro,565.46,1445005,2023, 12GB, 4500mAh, 48MP
LG,iPhone 13,583.41,500576,2024, 8GB, 4600mAh, 50MP
Samsung,iPhone 13,1089.78,1084058,2024, 8GB, 4600mAh, 50MP
Apple,P40 Pro,762.9,174705,2023, 8GB, 4000mAh, 64MP
LG,Find X3 Pro,972.9,765545,2022, 8GB, 4000mAh, 64MP
Xiaomi,Find X3 Pro,689.52,357963,2024, 4GB, 3240mAh, 12MP
LG,Edge+,1057.95,260742,2023, 12GB, 5000mAh, 108MP
Motorola,iPhone 13,522.3,153169,2024, 4GB, 3240mAh, 12MP
Google,Mi 11,1099.04,1419663,2022, 12GB, 5000mAh, 108MP
OnePlus,9 Pro,1042.55,1330170,2022, 4GB, 3240mAh, 12MP
Apple,Mi 11,1077.71,866365,2023, 4GB, 3240mAh, 12MP
Xiaomi,iPhone 13,678.49,1259171,2023, 12GB, 4500mAh, 48MP
Sony,Velvet,1031.37,892023,2023, 12GB, 4500mAh, 48MP
Samsung,P40 Pro,726.06,839164,2023, 8GB, 4600mAh, 50MP
Apple,9 Pro,752.69,437678,2022, 4GB, 3240mAh, 12MP
OnePlus,Pixel 6,435.29,137533,2024, 8GB, 4600mAh, 50MP
Samsung,P40 Pro,564.24,1024641,2024, 8GB, 4600mAh, 50MP
Huawei,Pixel 6,868.18,723594,2022, 8GB, 4600mAh, 50MP
Samsung,9 Pro,1135.23,377119,2024, 12GB, 4500mAh, 48MP
Oppo,iPhone 13,572.42,453255,2024, 4GB, 3240mAh, 12MP
Samsung,Galaxy S21,615.1,1238313,2022, 8GB, 4000mAh, 64MP
Huawei,P40 Pro,1142.12,1096368,2023, 8GB, 4600mAh, 50MP
Motorola,Mi 11,434.01,451735,2022, 8GB, 4000mAh, 64MP
Motorola,Xperia 1 II,816.03,617962,2023, 8GB, 4000mAh, 64MP
LG,Find X3 Pro,865.81,1206978,2022, 8GB, 4000mAh, 64MP
Samsung,Mi 11,1138.62,127226,2024, 8GB, 4600mAh, 50MP
LG,Find X3 Pro,633.71,856014,2022, 12GB, 4500mAh, 48MP
Sony,Galaxy S21,454.07,1450580,2024, 4GB, 3240mAh, 12MP
Xiaomi,9 Pro,513.2,320813,2024, 4GB, 3240mAh, 12MP
OnePlus,P40 Pro,550.08,165571,2022, 4GB, 3240mAh, 12MP
Oppo,Galaxy S21,1133.85,520704,2022, 4GB, 3240mAh, 12MP
Huawei,Velvet,809.93,1433897,2024, 12GB, 4500mAh, 48MP
Oppo,9 Pro,909.83,594195,2023, 8GB, 4600mAh, 50MP
OnePlus,Edge+,464.63,255151,2024, 12GB, 5000mAh, 108MP
Sony,P40 Pro,822.77,1285403,2024, 8GB, 4600mAh, 50MP
Apple,Edge+,425.05,1311246,2023, 6GB, 4300mAh, 48MP
Motorola,Mi 11,818.73,546030,2023, 8GB, 4000mAh, 64MP
Huawei,Edge+,805.83,1450148,2024, 8GB, 4000mAh, 64MP
Xiaomi,Find X3 Pro,1050.8,1478719,2022, 8GB, 4600mAh, 50MP
Sony,iPhone 13,893.49,1034508,2024, 8GB, 4600mAh, 50MP
Xiaomi,Velvet,412.53,479472,2023, 12GB, 4500mAh, 48MP
Google,Pixel 6,817.06,1285917,2024, 4GB, 3240mAh, 12MP
LG,Xperia 1 II,474.99,1102431,2022, 8GB, 4000mAh, 64MP
Oppo,Xperia 1 II,555.27,609022,2022, 4GB, 3240mAh, 12MP
LG,9 Pro,1038.39,1028853,2022, 12GB, 5000mAh, 108MP
Samsung,Find X3 Pro,1100.9,839816,2022, 8GB, 4600mAh, 50MP
Sony,iPhone 13,1084.65,1008293,2024, 12GB, 5000mAh, 108MP
LG,Edge+,1045.85,1367262,2023, 8GB, 4000mAh, 64MP
Samsung,Galaxy S21,520.77,783048,2024, 12GB, 4500mAh, 48MP
Apple,iPhone 13,413.01,598737,2023, 6GB, 4300mAh, 48MP
Apple,Find X3 Pro,917.18,1092028,2022, 12GB, 5000mAh, 108MP
Xiaomi,9 Pro,449.43,399204,2023, 12GB, 5000mAh, 108MP
Oppo,Pixel 6,560.3,1126594,2024, 12GB, 5000mAh, 108MP
Google,Find X3 Pro,488.43,1107293,2022, 12GB, 5000mAh, 108MP
Google,P40 Pro,432.24,395233,2022, 8GB, 4600mAh, 50MP
Samsung,Edge+,984.58,641481,2023, 12GB, 4500mAh, 48MP
Sony,Galaxy S21,607.29,835477,2024, 8GB, 4600mAh, 50MP
Sony,iPhone 13,756.86,171788,2022, 8GB, 4000mAh, 64MP
Google,Edge+,542.31,104094,2023, 12GB, 4500mAh, 48MP
Sony,Velvet,1174.39,1137259,2023, 12GB, 4500mAh, 48MP
Huawei,iPhone 13,1148.22,892491,2023, 8GB, 4600mAh, 50MP
Apple,Edge+,1168.48,1249774,2023, 12GB, 4500mAh, 48MP
Samsung,Mi 11,973.82,826075,2024, 8GB, 4600mAh, 50MP
OnePlus,Pixel 6,1090.21,660814,2022, 4GB, 3240mAh, 12MP
LG,9 Pro,1090.73,772770,2023, 12GB, 5000mAh, 108MP
Sony,Find X3 Pro,1188.13,154294,2024, 8GB, 4600mAh, 50MP
Xiaomi,iPhone 13,1073,808164,2022, 8GB, 4600mAh, 50MP
LG,Velvet,618.65,485468,2024, 4GB, 3240mAh, 12MP
Oppo,Find X3 Pro,582.53,749082,2024, 6GB, 4300mAh, 48MP
Google,iPhone 13,656.47,356396,2022, 4GB, 3240mAh, 12MP
Google,Velvet,435.33,1264661,2022, 8GB, 4000mAh, 64MP
Apple,Find X3 Pro,668.23,1207301,2023, 12GB, 5000mAh, 108MP
Google,P40 Pro,800.55,791115,2023, 12GB, 5000mAh, 108MP
LG,Galaxy S21,402.17,596247,2022, 4GB, 3240mAh, 12MP
OnePlus,Velvet,687.13,830934,2023, 6GB, 4300mAh, 48MP
Huawei,Pixel 6,589.65,987790,2023, 6GB, 4300mAh, 48MP
Xiaomi,9 Pro,787.23,844765,2022, 6GB, 4300mAh, 48MP
Sony,Xperia 1 II,875.77,780028,2022, 4GB, 3240mAh, 12MP
Xiaomi,iPhone 13,582.2,1122522,2022, 8GB, 4600mAh, 50MP
Oppo,P40 Pro,1084.25,740200,2024, 8GB, 4600mAh, 50MP
Apple,Xperia 1 II,417.63,1052349,2023, 8GB, 4000mAh, 64MP
Oppo,Mi 11,1181.88,265776,2024, 4GB, 3240mAh, 12MP
Google,Galaxy S21,953.62,468767,2024, 8GB, 4000mAh, 64MP
Samsung,Galaxy S21,584.73,1269814,2023, 8GB, 4600mAh, 50MP
Xiaomi,Mi 11,1190.1,380265,2022, 4GB, 3240mAh, 12MP
Oppo,P40 Pro,889.91,590326,2023, 6GB, 4300mAh, 48MP
OnePlus,Galaxy S21,1022.91,1225552,2022, 6GB, 4300mAh, 48MP
Xiaomi,Mi 11,626.45,1223501,2024, 12GB, 4500mAh, 48MP
OnePlus,Find X3 Pro,781.02,858792,2022, 12GB, 4500mAh, 48MP
OnePlus,9 Pro,755.5,1105687,2023, 8GB, 4600mAh, 50MP
Apple,Pixel 6,465.84,477311,2024, 4GB, 3240mAh, 12MP
Samsung,P40 Pro,695.12,261778,2023, 12GB, 5000mAh, 108MP
LG,Galaxy S21,1051.4,171467,2024, 12GB, 4500mAh, 48MP
Apple,9 Pro,677.67,383196,2022, 12GB, 4500mAh, 48MP
Motorola,Find X3 Pro,414.8,199994,2022, 8GB, 4000mAh, 64MP
Motorola,P40 Pro,1150.77,1055590,2024, 8GB, 4000mAh, 64MP
Samsung,Galaxy S21,731.58,764939,2023, 8GB, 4000mAh, 64MP
Sony,Find X3 Pro,473.3,153349,2023, 8GB, 4600mAh, 50MP
Motorola,Galaxy S21,845.26,880195,2022, 4GB, 3240mAh, 12MP
Xiaomi,Xperia 1 II,569.15,908536,2024, 8GB, 4000mAh, 64MP
Samsung,iPhone 13,413.46,1048740,2022, 4GB, 3240mAh, 12MP
Sony,iPhone 13,658.77,1256545,2023, 6GB, 4300mAh, 48MP
LG,P40 Pro,613.1,1024305,2023, 12GB, 5000mAh, 108MP
Google,Find X3 Pro,680.57,423760,2022, 6GB, 4300mAh, 48MP
LG,Galaxy S21,851.92,1008396,2022, 6GB, 4300mAh, 48MP
Xiaomi,Xperia 1 II,949.4,170755,2024, 8GB, 4600mAh, 50MP
Google,Galaxy S21,905.69,1213951,2023, 12GB, 4500mAh, 48MP
Samsung,P40 Pro,1068.23,1135422,2022, 4GB, 3240mAh, 12MP
Apple,Find X3 Pro,709.54,1400792,2024, 6GB, 4300mAh, 48MP
LG,Mi 11,872.22,899964,2023, 12GB, 4500mAh, 48MP
LG,Xperia 1 II,414.91,307725,2022, 8GB, 4000mAh, 64MP
Sony,Galaxy S21,520.98,1362063,2024, 12GB, 4500mAh, 48MP
LG,Edge+,1097.14,918771,2024, 8GB, 4000mAh, 64MP
Huawei,Xperia 1 II,589.67,175898,2024, 8GB, 4600mAh, 50MP
Sony,Galaxy S21,752.63,912970,2023, 12GB, 5000mAh, 108MP
Xiaomi,9 Pro,920.28,283860,2024, 12GB, 4500mAh, 48MP
OnePlus,Xperia 1 II,671.86,1271934,2024, 8GB, 4600mAh, 50MP
Oppo,Pixel 6,552.33,1136932,2024, 6GB, 4300mAh, 48MP
Google,Edge+,920.57,1429387,2023, 12GB, 4500mAh, 48MP
Oppo,Galaxy S21,1030.9,839263,2023, 8GB, 4000mAh, 64MP
Sony,9 Pro,1075.69,1256009,2024, 6GB, 4300mAh, 48MP
Motorola,Find X3 Pro,564.14,147668,2024, 8GB, 4600mAh, 50MP
Google,Pixel 6,510.37,389869,2022, 8GB, 4000mAh, 64MP
Xiaomi,Pixel 6,1131.96,536002,2023, 4GB, 3240mAh, 12MP
Xiaomi,Galaxy S21,663.73,287110,2023, 12GB, 5000mAh, 108MP
Sony,9 Pro,913.97,895112,2024, 12GB, 4500mAh, 48MP
Apple,P40 Pro,422.69,293903,2022, 12GB, 5000mAh, 108MP
Oppo,P40 Pro,877.07,744999,2024, 6GB, 4300mAh, 48MP
Google,Mi 11,1057.31,679896,2024, 6GB, 4300mAh, 48MP
Oppo,Xperia 1 II,833.52,996127,2022, 12GB, 4500mAh, 48MP
Oppo,iPhone 13,950.89,957534,2024, 8GB, 4000mAh, 64MP
Huawei,Find X3 Pro,413.57,1152746,2023, 12GB, 4500mAh, 48MP
Oppo,iPhone 13,461.35,602793,2023, 6GB, 4300mAh, 48MP
Samsung,Pixel 6,641.17,259686,2022, 4GB, 3240mAh, 12MP
OnePlus,Edge+,1172.82,811432,2024, 8GB, 4000mAh, 64MP
Google,Xperia 1 II,609.23,579314,2024, 12GB, 4500mAh, 48MP
Xiaomi,Xperia 1 II,403.76,837009,2024, 8GB, 4000mAh, 64MP
Motorola,Edge+,1113.08,470015,2024, 8GB, 4000mAh, 64MP
Motorola,Find X3 Pro,721.55,203768,2024, 8GB, 4000mAh, 64MP
Sony,Mi 11,1189.2,1213448,2022, 4GB, 3240mAh, 12MP
Xiaomi,iPhone 13,1036.48,293182,2023, 12GB, 4500mAh, 48MP
Oppo,Find X3 Pro,493.02,410456,2024, 12GB, 5000mAh, 108MP
Apple,Mi 11,689.4,770006,2024, 12GB, 4500mAh, 48MP
Sony,Pixel 6,781.35,997636,2022, 6GB, 4300mAh, 48MP
Xiaomi,Velvet,855.5,681809,2023, 4GB, 3240mAh, 12MP
LG,Galaxy S21,718.64,1320868,2024, 12GB, 5000mAh, 108MP
OnePlus,Find X3 Pro,1125.45,1402771,2023, 8GB, 4000mAh, 64MP
Huawei,Edge+,720.74,484705,2024, 12GB, 5000mAh, 108MP
Oppo,Velvet,1190.22,1152421,2024, 8GB, 4000mAh, 64MP
Apple,Find X3 Pro,805.61,130372,2024, 12GB, 4500mAh, 48MP
Samsung,Find X3 Pro,584.16,259788,2022, 6GB, 4300mAh, 48MP
OnePlus,Pixel 6,1156.92,322899,2023, 12GB, 5000mAh, 108MP
Motorola,Xperia 1 II,655.87,356843,2024, 6GB, 4300mAh, 48MP
Samsung,Edge+,585.23,967951,2023, 4GB, 3240mAh, 12MP
Oppo,P40 Pro,930,1154922,2023, 12GB, 4500mAh, 48MP
Xiaomi,Xperia 1 II,418.05,1405673,2023, 4GB, 3240mAh, 12MP
Huawei,P40 Pro,855.19,1487260,2024, 8GB, 4600mAh, 50MP
Google,iPhone 13,733.28,548129,2022, 6GB, 4300mAh, 48MP
OnePlus,Mi 11,491.35,442782,2022, 12GB, 5000mAh, 108MP
Huawei,Edge+,676.3,343184,2024, 4GB, 3240mAh, 12MP
OnePlus,Galaxy S21,1171.19,609519,2023, 12GB, 4500mAh, 48MP
Google,Galaxy S21,1199.85,1196566,2023, 12GB, 5000mAh, 108MP
Xiaomi,P40 Pro,1104.38,1192940,2024, 8GB, 4600mAh, 50MP
Oppo,Find X3 Pro,747.75,302158,2022, 12GB, 5000mAh, 108MP
OnePlus,Mi 11,719.26,1183421,2022, 12GB, 5000mAh, 108MP
Xiaomi,P40 Pro,1195.93,249916,2024, 8GB, 4600mAh, 50MP
Oppo,Pixel 6,1058.08,724314,2024, 12GB, 5000mAh, 108MP
LG,Xperia 1 II,620.07,992148,2024, 8GB, 4600mAh, 50MP
Apple,Galaxy S21,1153.68,903838,2022, 4GB, 3240mAh, 12MP
Samsung,Mi 11,671.93,949321,2023, 6GB, 4300mAh, 48MP
Xiaomi,iPhone 13,521.97,1047631,2022, 12GB, 5000mAh, 108MP
Sony,Galaxy S21,521.86,557282,2024, 8GB, 4600mAh, 50MP
OnePlus,Mi 11,1028.28,1318628,2022, 8GB, 4000mAh, 64MP
Oppo,Galaxy S21,846.27,1269007,2023, 12GB, 4500mAh, 48MP
Oppo,Edge+,1089.36,1416865,2023, 6GB, 4300mAh, 48MP
Apple,iPhone 13,856.08,1230594,2023, 12GB, 5000mAh, 108MP
Apple,Find X3 Pro,919.73,635200,2022, 8GB, 4000mAh, 64MP
OnePlus,Mi 11,824.78,274944,2024, 8GB, 4600mAh, 50MP
Google,9 Pro,1144.58,1035009,2022, 8GB, 4600mAh, 50MP
Google,Edge+,938.43,568550,2022, 4GB, 3240mAh, 12MP
Oppo,iPhone 13,1135.14,1302468,2023, 8GB, 4000mAh, 64MP
Google,Xperia 1 II,444.84,653857,2022, 12GB, 5000mAh, 108MP
Motorola,Mi 11,1031.67,239732,2024, 8GB, 4000mAh, 64MP
Sony,Galaxy S21,506.19,1356595,2024, 6GB, 4300mAh, 48MP
LG,Edge+,1049.2,317109,2023, 6GB, 4300mAh, 48MP
LG,iPhone 13,816.94,167935,2023, 12GB, 4500mAh, 48MP
Samsung,iPhone 13,912.37,1326775,2023, 12GB, 5000mAh, 108MP
Samsung,9 Pro,666.93,449176,2024, 6GB, 4300mAh, 48MP
Apple,Find X3 Pro,644.69,408503,2023, 6GB, 4300mAh, 48MP
OnePlus,Galaxy S21,454.51,441410,2023, 6GB, 4300mAh, 48MP
Oppo,iPhone 13,585.82,593525,2022, 8GB, 4600mAh, 50MP
Google,Find X3 Pro,463.44,591802,2024, 12GB, 4500mAh, 48MP
Huawei,Pixel 6,1150.83,201440,2022, 4GB, 3240mAh, 12MP
Xiaomi,Xperia 1 II,1151.37,761495,2023, 8GB, 4600mAh, 50MP
Google,Mi 11,671.65,723206,2023, 6GB, 4300mAh, 48MP
Samsung,Edge+,1039.69,923180,2024, 8GB, 4000mAh, 64MP
Google,iPhone 13,585.23,145968,2022, 8GB, 4000mAh, 64MP
Apple,iPhone 13,1045.39,1442498,2024, 4GB, 3240mAh, 12MP
Huawei,Find X3 Pro,789.25,364064,2022, 8GB, 4000mAh, 64MP
LG,9 Pro,1071.51,211723,2022, 12GB, 5000mAh, 108MP
OnePlus,Galaxy S21,911.64,263298,2023, 8GB, 4000mAh, 64MP
Sony,Pixel 6,1068.58,393865,2022, 12GB, 5000mAh, 108MP
Google,Pixel 6,580.23,320149,2023, 6GB, 4300mAh, 48MP
Sony,Find X3 Pro,460.32,1473863,2024, 12GB, 5000mAh, 108MP
Google,Mi 11,771.32,1164737,2022, 8GB, 4600mAh, 50MP
Xiaomi,Pixel 6,1158.48,686172,2023, 6GB, 4300mAh, 48MP
LG,P40 Pro,977.08,1323449,2024, 12GB, 4500mAh, 48MP
Oppo,Edge+,621.35,1259739,2022, 6GB, 4300mAh, 48MP
OnePlus,Velvet,728.07,286540,2023, 4GB, 3240mAh, 12MP
Google,Edge+,1117.68,1363598,2022, 8GB, 4000mAh, 64MP
Sony,Mi 11,812.99,419309,2023, 8GB, 4600mAh, 50MP
OnePlus,Find X3 Pro,415.06,897588,2024, 6GB, 4300mAh, 48MP
Samsung,Pixel 6,421.99,405879,2024, 6GB, 4300mAh, 48MP
Huawei,Pixel 6,710.95,820106,2024, 4GB, 3240mAh, 12MP
Apple,Velvet,794.98,489007,2022, 12GB, 5000mAh, 108MP
Huawei,Pixel 6,1017.83,145220,2023, 4GB, 3240mAh, 12MP
Google,Pixel 6,494.18,1170171,2024, 12GB, 5000mAh, 108MP
Motorola,Xperia 1 II,942.41,494819,2024, 8GB, 4000mAh, 64MP
Motorola,Pixel 6,889.39,1153980,2022, 12GB, 5000mAh, 108MP
Google,Galaxy S21,851.18,1122277,2023, 4GB, 3240mAh, 12MP
Xiaomi,iPhone 13,830.1,218910,2022, 8GB, 4600mAh, 50MP
Samsung,Mi 11,757.68,1093181,2024, 12GB, 4500mAh, 48MP
Google,Mi 11,948.88,1300674,2023, 4GB, 3240mAh, 12MP
Huawei,Pixel 6,922.55,1378873,2023, 6GB, 4300mAh, 48MP
Apple,Pixel 6,1077.52,704106,2023, 8GB, 4000mAh, 64MP
Huawei,Pixel 6,497.5,1117630,2024, 8GB, 4600mAh, 50MP
Xiaomi,Mi 11,664.13,370236,2024, 8GB, 4000mAh, 64MP
Huawei,Velvet,964.41,1213909,2022, 6GB, 4300mAh, 48MP
Google,Find X3 Pro,1070.46,1077394,2023, 8GB, 4600mAh, 50MP
Apple,Find X3 Pro,873.53,1081408,2023, 12GB, 4500mAh, 48MP
Motorola,9 Pro,714.07,114838,2024, 12GB, 5000mAh, 108MP
Xiaomi,P40 Pro,1085.37,589526,2022, 12GB, 5000mAh, 108MP
Xiaomi,Find X3 Pro,800.42,125569,2022, 6GB, 4300mAh, 48MP
Xiaomi,iPhone 13,1168.75,491829,2022, 6GB, 4300mAh, 48MP
Motorola,P40 Pro,986.39,187373,2022, 12GB, 4500mAh, 48MP
OnePlus,Mi 11,576.86,1379512,2022, 6GB, 4300mAh, 48MP
OnePlus,Xperia 1 II,1199.64,668759,2023, 8GB, 4600mAh, 50MP
Xiaomi,P40 Pro,786.25,1049301,2022, 4GB, 3240mAh, 12MP
Xiaomi,Edge+,691.2,693546,2023, 12GB, 5000mAh, 108MP
Sony,Find X3 Pro,644.55,195411,2022, 8GB, 4600mAh, 50MP
Sony,Xperia 1 II,634.92,1344486,2024, 8GB, 4000mAh, 64MP
Google,Xperia 1 II,449.82,558974,2023, 6GB, 4300mAh, 48MP
Oppo,Pixel 6,726.65,977092,2024, 8GB, 4600mAh, 50MP
Oppo,Velvet,943.68,510801,2024, 12GB, 5000mAh, 108MP
Apple,iPhone 13,957.84,285231,2023, 4GB, 3240mAh, 12MP
Samsung,9 Pro,722.31,1342949,2024, 8GB, 4000mAh, 64MP
Oppo,Mi 11,411.83,1239871,2023, 12GB, 5000mAh, 108MP
OnePlus,Galaxy S21,772.07,584374,2024, 12GB, 4500mAh, 48MP
LG,iPhone 13,1059.64,1075488,2024, 4GB, 3240mAh, 12MP
Oppo,Find X3 Pro,448.18,557691,2022, 6GB, 4300mAh, 48MP
Sony,9 Pro,887.68,110129,2024, 8GB, 4000mAh, 64MP
Apple,iPhone 13,775.06,383087,2024, 6GB, 4300mAh, 48MP
Apple,Galaxy S21,1035.75,436141,2022, 6GB, 4300mAh, 48MP
Sony,Velvet,860.96,1061261,2023, 12GB, 4500mAh, 48MP
Xiaomi,iPhone 13,1177.65,182221,2023, 12GB, 4500mAh, 48MP
Motorola,Pixel 6,1090.2,688849,2024, 8GB, 4000mAh, 64MP
Huawei,9 Pro,492.33,777395,2022, 8GB, 4600mAh, 50MP
Apple,Edge+,921.55,1214053,2023, 12GB, 5000mAh, 108MP
LG,Find X3 Pro,1114.73,979227,2024, 12GB, 5000mAh, 108MP
LG,P40 Pro,905.65,998420,2023, 12GB, 4500mAh, 48MP
Motorola,Edge+,580.04,1436012,2024, 12GB, 4500mAh, 48MP
Xiaomi,Galaxy S21,1010.36,1316276,2024, 8GB, 4600mAh, 50MP
LG,9 Pro,709.31,782462,2023, 12GB, 5000mAh, 108MP
Huawei,Mi 11,723.06,369022,2022, 8GB, 4600mAh, 50MP
Apple,Xperia 1 II,821.35,184001,2023, 6GB, 4300mAh, 48MP
Motorola,P40 Pro,696.39,293414,2023, 12GB, 4500mAh, 48MP
OnePlus,9 Pro,686.74,1025474,2022, 12GB, 4500mAh, 48MP
Huawei,9 Pro,972.99,177927,2023, 6GB, 4300mAh, 48MP
LG,9 Pro,433.89,320566,2024, 12GB, 4500mAh, 48MP
Motorola,Find X3 Pro,791.5,724523,2022, 12GB, 5000mAh, 108MP
Sony,Pixel 6,599.65,581322,2024, 8GB, 4600mAh, 50MP
Motorola,Find X3 Pro,858.99,790332,2023, 8GB, 4000mAh, 64MP
Apple,Mi 11,997.35,1389727,2023, 4GB, 3240mAh, 12MP
Samsung,Pixel 6,411.22,980403,2023, 6GB, 4300mAh, 48MP
LG,Galaxy S21,587.01,483065,2023, 12GB, 5000mAh, 108MP
Oppo,iPhone 13,1088.78,1033114,2023, 8GB, 4600mAh, 50MP
Samsung,Find X3 Pro,1165.73,539199,2022, 6GB, 4300mAh, 48MP
LG,Velvet,642.5,1233690,2023, 12GB, 5000mAh, 108MP
Apple,9 Pro,947.56,535474,2022, 12GB, 4500mAh, 48MP
LG,Edge+,445.15,318036,2023, 12GB, 4500mAh, 48MP
Sony,Pixel 6,623.79,269269,2022, 4GB, 3240mAh, 12MP
OnePlus,Galaxy S21,1135.47,1029633,2024, 8GB, 4600mAh, 50MP
Google,Velvet,1159.45,985126,2022, 6GB, 4300mAh, 48MP
OnePlus,Find X3 Pro,1048.27,990966,2022, 12GB, 4500mAh, 48MP
Huawei,Pixel 6,495.89,1279839,2024, 4GB, 3240mAh, 12MP
Apple,Velvet,629.82,1245362,2023, 12GB, 4500mAh, 48MP
LG,Find X3 Pro,736.28,139792,2024, 4GB, 3240mAh, 12MP
OnePlus,Pixel 6,1060.93,861872,2023, 12GB, 5000mAh, 108MP
Apple,Galaxy S21,654.05,513498,2022, 12GB, 4500mAh, 48MP
Google,P40 Pro,1043.24,937428,2023, 4GB, 3240mAh, 12MP
Apple,P40 Pro,937.22,1167031,2023, 4GB, 3240mAh, 12MP
LG,Pixel 6,716.7,445785,2024, 8GB, 4000mAh, 64MP
Huawei,Galaxy S21,424.1,726775,2023, 8GB, 4600mAh, 50MP
LG,Velvet,1163.09,964145,2023, 4GB, 3240mAh, 12MP
Oppo,Find X3 Pro,437.86,1404628,2023, 12GB, 4500mAh, 48MP
Samsung,Velvet,835.07,1079741,2024, 12GB, 5000mAh, 108MP
Apple,9 Pro,538.3,1247012,2022, 12GB, 5000mAh, 108MP
Sony,Find X3 Pro,589.24,1084960,2022, 4GB, 3240mAh, 12MP
Google,Edge+,523.23,513316,2022, 12GB, 4500mAh, 48MP
Motorola,iPhone 13,759.24,868718,2022, 12GB, 4500mAh, 48MP
Huawei,Find X3 Pro,486.79,172806,2023, 6GB, 4300mAh, 48MP
Xiaomi,Velvet,715.74,457996,2023, 4GB, 3240mAh, 12MP
Oppo,Find X3 Pro,673.12,118190,2024, 4GB, 3240mAh, 12MP
Motorola,Mi 11,1185.6,931158,2023, 12GB, 4500mAh, 48MP
Sony,Pixel 6,538.24,296579,2024, 4GB, 3240mAh, 12MP
Huawei,Pixel 6,704.8,1165859,2023, 8GB, 4000mAh, 64MP
Sony,iPhone 13,1195.06,416283,2024, 12GB, 4500mAh, 48MP
Oppo,Galaxy S21,723.82,145526,2024, 8GB, 4600mAh, 50MP
Samsung,Pixel 6,837.42,893195,2022, 8GB, 4000mAh, 64MP
Google,P40 Pro,1088.17,284045,2022, 12GB, 4500mAh, 48MP
Oppo,9 Pro,720.6,392676,2023, 12GB, 5000mAh, 108MP
Apple,Xperia 1 II,1137.78,228200,2023, 12GB, 4500mAh, 48MP
Oppo,Edge+,615.28,311711,2022, 12GB, 5000mAh, 108MP
Huawei,Galaxy S21,769.99,513395,2024, 8GB, 4600mAh, 50MP
Motorola,P40 Pro,1196.18,1229677,2024, 8GB, 4600mAh, 50MP
Google,Find X3 Pro,678.24,1313200,2024, 4GB, 3240mAh, 12MP
Apple,Galaxy S21,553.95,778000,2022, 8GB, 4600mAh, 50MP
Sony,Pixel 6,1105.97,210804,2024, 6GB, 4300mAh, 48MP
Sony,Mi 11,914.58,499908,2024, 12GB, 5000mAh, 108MP
Xiaomi,9 Pro,597.14,1139671,2022, 12GB, 4500mAh, 48MP
Sony,Mi 11,624.37,430385,2023, 8GB, 4600mAh, 50MP
Xiaomi,Xperia 1 II,590.92,1295597,2023, 6GB, 4300mAh, 48MP
Sony,9 Pro,896,971084,2023, 8GB, 4600mAh, 50MP
Google,Xperia 1 II,981.86,810730,2022, 8GB, 4600mAh, 50MP
Huawei,9 Pro,556.81,713642,2023, 12GB, 4500mAh, 48MP
OnePlus,Galaxy S21,827.3,980900,2022, 8GB, 4600mAh, 50MP
Sony,Velvet,590.11,1445281,2022, 6GB, 4300mAh, 48MP
Motorola,Xperia 1 II,709.61,1184747,2023, 8GB, 4000mAh, 64MP
Apple,P40 Pro,863.37,1288314,2022, 4GB, 3240mAh, 12MP
OnePlus,Find X3 Pro,967.43,262678,2022, 8GB, 4000mAh, 64MP
Motorola,Mi 11,789,1208989,2024, 12GB, 4500mAh, 48MP
Samsung,Velvet,693.73,469565,2023, 8GB, 4000mAh, 64MP
Huawei,Xperia 1 II,1018.46,588443,2024, 12GB, 4500mAh, 48MP
Google,Find X3 Pro,1084.48,929681,2024, 8GB, 4600mAh, 50MP
Xiaomi,Xperia 1 II,431.57,907084,2022, 8GB, 4000mAh, 64MP
Sony,9 Pro,402.63,761800,2024, 4GB, 3240mAh, 12MP
Sony,P40 Pro,941.01,622131,2022, 12GB, 4500mAh, 48MP
Google,Velvet,527.72,604672,2023, 6GB, 4300mAh, 48MP
Motorola,Galaxy S21,1006.51,415763,2023, 12GB, 5000mAh, 108MP
Apple,Edge+,517.84,101223,2023, 12GB, 4500mAh, 48MP
Xiaomi,Pixel 6,1110.53,673321,2022, 8GB, 4600mAh, 50MP
Huawei,Velvet,725.71,371596,2022, 4GB, 3240mAh, 12MP
Google,Velvet,863.86,1223453,2024, 8GB, 4600mAh, 50MP
Motorola,iPhone 13,426.17,866078,2022, 12GB, 4500mAh, 48MP
Xiaomi,Pixel 6,423.64,348983,2022, 6GB, 4300mAh, 48MP
Apple,Mi 11,784.79,1239607,2023, 12GB, 5000mAh, 108MP
Xiaomi,Pixel 6,993.38,234065,2024, 12GB, 5000mAh, 108MP
OnePlus,Velvet,1190.33,1045460,2024, 8GB, 4000mAh, 64MP
OnePlus,iPhone 13,453.51,332435,2023, 8GB, 4600mAh, 50MP
Apple,Pixel 6,548.23,176839,2024, 6GB, 4300mAh, 48MP
Oppo,9 Pro,918.33,660127,2024, 6GB, 4300mAh, 48MP
Huawei,Mi 11,653.74,206808,2022, 8GB, 4000mAh, 64MP
Google,Mi 11,856.43,472491,2024, 8GB, 4000mAh, 64MP
Motorola,P40 Pro,795.01,374949,2022, 12GB, 5000mAh, 108MP
OnePlus,Xperia 1 II,639.3,702363,2023, 12GB, 4500mAh, 48MP
OnePlus,Edge+,937.49,1433799,2022, 6GB, 4300mAh, 48MP
Sony,Find X3 Pro,475.15,385245,2024, 8GB, 4000mAh, 64MP
OnePlus,Find X3 Pro,660.11,608252,2024, 12GB, 4500mAh, 48MP
Oppo,Edge+,1057.18,290572,2024, 8GB, 4600mAh, 50MP
Huawei,Galaxy S21,902.42,853753,2024, 4GB, 3240mAh, 12MP
OnePlus,iPhone 13,469.48,389034,2022, 8GB, 4000mAh, 64MP
Sony,Mi 11,472.59,1037259,2023, 6GB, 4300mAh, 48MP
Apple,P40 Pro,963.93,1321413,2023, 8GB, 4000mAh, 64MP
Samsung,Velvet,1091.14,1093369,2022, 4GB, 3240mAh, 12MP
Apple,Mi 11,583.46,1427584,2022, 8GB, 4600mAh, 50MP
Huawei,P40 Pro,1016.99,428060,2024, 12GB, 4500mAh, 48MP
Samsung,P40 Pro,1096.86,1301036,2023, 8GB, 4600mAh, 50MP
Motorola,Find X3 Pro,757.3,680126,2022, 12GB, 4500mAh, 48MP
Apple,Galaxy S21,1042.04,590987,2024, 8GB, 4600mAh, 50MP
Apple,Edge+,928.99,324071,2023, 8GB, 4000mAh, 64MP
Oppo,Velvet,499.17,603743,2022, 6GB, 4300mAh, 48MP
Google,iPhone 13,552.54,1480128,2024, 4GB, 3240mAh, 12MP
Oppo,Galaxy S21,1127.14,211816,2023, 8GB, 4000mAh, 64MP
Huawei,Velvet,1066.32,1148851,2022, 4GB, 3240mAh, 12MP
Apple,Edge+,1175.96,424461,2023, 12GB, 5000mAh, 108MP
Apple,Find X3 Pro,468.86,235782,2024, 8GB, 4000mAh, 64MP
Samsung,Velvet,1089.41,1289060,2024, 8GB, 4000mAh, 64MP
Samsung,9 Pro,1076.13,634932,2023, 8GB, 4600mAh, 50MP
Oppo,iPhone 13,869.21,1486656,2022, 12GB, 4500mAh, 48MP
OnePlus,Galaxy S21,1101.98,1129801,2024, 4GB, 3240mAh, 12MP
Xiaomi,Galaxy S21,854.26,1267410,2024, 4GB, 3240mAh, 12MP
Google,Velvet,1045.42,1004544,2024, 8GB, 4600mAh, 50MP
Apple,9 Pro,915.44,864345,2022, 8GB, 4600mAh, 50MP
Oppo,Galaxy S21,534.99,1340738,2023, 6GB, 4300mAh, 48MP
Samsung,iPhone 13,682.83,890155,2023, 8GB, 4600mAh, 50MP
Sony,9 Pro,648.09,615862,2023, 4GB, 3240mAh, 12MP
Samsung,Mi 11,886.47,243574,2022, 8GB, 4600mAh, 50MP
Oppo,Xperia 1 II,817.71,1452350,2022, 8GB, 4600mAh, 50MP
Sony,Mi 11,974.23,1172089,2023, 8GB, 4000mAh, 64MP
Apple,Edge+,645.72,450931,2023, 8GB, 4000mAh, 64MP
Oppo,Find X3 Pro,1060.8,638699,2023, 8GB, 4000mAh, 64MP
Oppo,Find X3 Pro,408.71,1123315,2022, 12GB, 4500mAh, 48MP
Apple,Galaxy S21,813.16,488946,2023, 8GB, 4000mAh, 64MP
Xiaomi,Pixel 6,1073.74,1116122,2024, 8GB, 4000mAh, 64MP
Samsung,Find X3 Pro,926.05,300420,2022, 6GB, 4300mAh, 48MP
Oppo,iPhone 13,453.65,514136,2022, 4GB, 3240mAh, 12MP
Huawei,Pixel 6,670.29,377214,2024, 12GB, 5000mAh, 108MP
Samsung,Find X3 Pro,693.15,447665,2022, 12GB, 5000mAh, 108MP
Sony,iPhone 13,929.85,796528,2024, 4GB, 3240mAh, 12MP
Apple,9 Pro,947.88,386142,2024, 8GB, 4600mAh, 50MP
